{
    "properties": {
        "session_name": "sample_svr_title",
        "dataset_type": "file_upload",
        "session_type": "data_new",
        "model_type": "svr"
    },
    "dataset": {
        "31.111": {
            "predictor-1": 23.45,
            "predictor-2": 98.01,
            "predictor-4": 325,
            "predictor-5": 54.64,
            "predictor-6": 0.002,
            "predictor-7": 23,
            "predictor-3": 0.432
        },
        "24.535": {
            "predictor-1": 22.1,
            "predictor-2": 95.96,
            "predictor-4": 342,
            "predictor-5": 66.67,
            "predictor-6": 0.001,
            "predictor-7": 32,
            "predictor-3": 0.743
        },
        "33.331": [
            {
                "predictor-1": 20.71,
                "predictor-2": 99.33,
                "predictor-4": 342,
                "predictor-5": 75.67,
                "predictor-6": 0.001,
                "predictor-7": 30,
                "predictor-3": 0.648
            },
            {
                "predictor-1": 17.777,
                "predictor-2": 87.073,
                "predictor-4": 221,
                "predictor-5": 67.777,
                "predictor-6": 0.001,
                "predictor-7": 30.345,
                "predictor-3": 0.598
            }
        ],
        "21.211": {
            "predictor-1": 23.27,
            "predictor-2": 95.03,
            "predictor-4": 295,
            "predictor-5": 55.83,
            "predictor-6": 0.001,
            "predictor-7": 27,
            "predictor-3": 0.488
        },
        "20.034": {
            "predictor-1": 23.27,
            "predictor-2": 95.03,
            "predictor-4": 295,
            "predictor-5": 55.83,
            "predictor-6": 0.001,
            "predictor-7": 27,
            "predictor-3": 0.488
        },
        "45.326": {
            "predictor-1": 19.99,
            "predictor-2": 97.78,
            "predictor-4": 303,
            "predictor-5": 58.88,
            "predictor-6": 0.001,
            "predictor-7": 29,
            "predictor-3": 0.638
        },
        "52.395": {
            "predictor-1": 22.67,
            "predictor-2": 101.21,
            "predictor-3": 427,
            "predictor-4": 75.45,
            "predictor-5": 0.002,
            "predictor-6": 26,
            "predictor-7": 0.555
        }
    }
}
