dependent-variable,indep-variable-1,indep-variable-2,indep-variable-4,indep-variable-5,indep-variable-6,indep-variable-7,indep-variable-3
dep-variable-1,23.45,98.01,325,54.64,0.002,23,0.432
dep-variable-4,22.1,95.96,342,66.67,0.001,32,0.743
dep-variable-5,23.27,95.03,295,55.83,0.001,27,0.488
dep-variable-3,22.67,101.21,427,75.45,0.002,26,0.832
dep-variable-5,19.99,97.78,303,58.88,0.001,29,0.638
dep-variable-5,23.27,95.03,295,55.83,0.001,27,0.488
dep-variable-4,20.71,99.33,342,75.67,0.001,30,0.648
