{
    "properties": {
        "dataset_type": "file_upload",
        "session_type": "data_append",
        "model_type": "svm",
        "session_id": "3"
    },
    "dataset": {
        "dep-variable-1": [
            {
                "indep-variable-1":23.45,
                "indep-variable-2":98.01,
                "indep-variable-3":0.432,
                "indep-variable-4":325,
                "indep-variable-5":54.64,
                "indep-variable-6":0.002,
                "indep-variable-7":25
            }
        ],
        "dep-variable-2": [
            {
                "indep-variable-1":24.32,
                "indep-variable-2":92.22,
                "indep-variable-3":0.356,
                "indep-variable-4":235,
                "indep-variable-5":64.45,
                "indep-variable-6":0.001,
                "indep-variable-7":31
            }
        ],
        "dep-variable-3": [
            {
                "indep-variable-1":22.67,
                "indep-variable-2":101.21,
                "indep-variable-3":0.832,
                "indep-variable-4":427,
                "indep-variable-5":75.45,
                "indep-variable-6":0.002,
                "indep-variable-7":24
            }
        ]
    }
}
