{
    "dep-variable-1": [
        {
            "indep-variable-1": 23.45,
            "indep-variable-2": 98.01,
            "indep-variable-4": 325,
            "indep-variable-5": 54.64,
            "indep-variable-6": 0.002,
            "indep-variable-7": 23,
            "indep-variable-3": 0.432
        }
    ],
    "dep-variable-4": [
        {
            "indep-variable-1": 22.1,
            "indep-variable-2": 95.96,
            "indep-variable-4": 342,
            "indep-variable-5": 66.67,
            "indep-variable-6": 0.001,
            "indep-variable-7": 32,
            "indep-variable-3": 0.743
        },
        {
            "indep-variable-1": 20.71,
            "indep-variable-2": 99.33,
            "indep-variable-4": 342,
            "indep-variable-5": 75.67,
            "indep-variable-6": 0.001,
            "indep-variable-7": 30,
            "indep-variable-3": 0.648
        }
    ],
    "dep-variable-5": [
        {
            "indep-variable-1": 23.27,
            "indep-variable-2": 95.03,
            "indep-variable-4": 295,
            "indep-variable-5": 55.83,
            "indep-variable-6": 0.001,
            "indep-variable-7": 27,
            "indep-variable-3": 0.488
        },
        {
            "indep-variable-1": 23.27,
            "indep-variable-2": 95.03,
            "indep-variable-4": 295,
            "indep-variable-5": 55.83,
            "indep-variable-6": 0.001,
            "indep-variable-7": 27,
            "indep-variable-3": 0.488
        },
        {
            "indep-variable-1": 19.99,
            "indep-variable-2": 97.78,
            "indep-variable-4": 303,
            "indep-variable-5": 58.88,
            "indep-variable-6": 0.001,
            "indep-variable-7": 29,
            "indep-variable-3": 0.638
        }
    ],
    "dep-variable-3": {
        "indep-variable-1": 22.67,
        "indep-variable-2": 101.21,
        "indep-variable-4": 427,
        "indep-variable-5": 75.45,
        "indep-variable-6": 0.002,
        "indep-variable-7": 26,
        "indep-variable-3": 0.832
    }
}
