<?xml version='1.0'?>

<dataset xmlns:xsi='http://www.w3.org/2001/XMLSchema-instance'
xsi:noNamespaceSchemaLocation='https://github.com/jeff1evesque/machine-learning/tree/master/interface/static/data/xml/svm.xsd'>
  <observation>
    <dependent-variable>dep-variable-1</dependent-variable>
    <independent-variable>
      <label>indep-variable-1</label>
      <value>23.45</value>
    </independent-variable>
    <independent-variable>
      <label>indep-variable-2</label>
      <value>98.01</value>
    </independent-variable>
    <independent-variable>
      <label>indep-variable-4</label>
      <value>325</value>
    </independent-variable>
    <independent-variable>
      <label>indep-variable-5</label>
      <value>56.64</value>
    </independent-variable>
    <independent-variable>
      <label>indep-variable-6</label>
      <value>0.002</value>
    </independent-variable>
    <independent-variable>
      <label>indep-variable-7</label>
      <value>23</value>
    </independent-variable>
    <independent-variable>
      <label>indep-variable-3</label>
      <value>0.432</value>
    </independent-variable>
  </observation>

  <observation>
    <dependent-variable>dep-variable-4</dependent-variable>
    <independent-variable>
      <label>indep-variable-1</label>
      <value>22.1</value>
    </independent-variable>
    <independent-variable>
      <label>indep-variable-2</label>
      <value>95.96</value>
    </independent-variable>
    <independent-variable>
      <label>indep-variable-4</label>
      <value>342</value>
    </independent-variable>
    <independent-variable>
      <label>indep-variable-5</label>
      <value>66.67</value>
    </independent-variable>
    <independent-variable>
      <label>indep-variable-6</label>
      <value>0.001</value>
    </independent-variable>
    <independent-variable>
      <label>indep-variable-7</label>
      <value>32</value>
    </independent-variable>
    <independent-variable>
      <label>indep-variable-3</label>
      <value>0.743</value>
    </independent-variable>
  </observation>

  <observation>
    <dependent-variable>dep-variable-5</dependent-variable>
    <independent-variable>
      <label>indep-variable-1</label>
      <value>23.27</value>
    </independent-variable>
    <independent-variable>
      <label>indep-variable-2</label>
      <value>95.03</value>
    </independent-variable>
    <independent-variable>
      <label>indep-variable-4</label>
      <value>295</value>
    </independent-variable>
    <independent-variable>
      <label>indep-variable-5</label>
      <value>55.83</value>
    </independent-variable>
    <independent-variable>
      <label>indep-variable-6</label>
      <value>0.001</value>
    </independent-variable>
    <independent-variable>
      <label>indep-variable-7</label>
      <value>27</value>
    </independent-variable>
    <independent-variable>
      <label>indep-variable-3</label>
      <value>0.488</value>
    </independent-variable>
  </observation>

  <observation>
    <dependent-variable>dep-variable-3</dependent-variable>
    <independent-variable>
      <label>indep-variable-1</label>
      <value>22.67</value>
    </independent-variable>
    <independent-variable>
      <label>indep-variable-2</label>
      <value>101.21</value>
    </independent-variable>
    <independent-variable>
      <label>indep-variable-4</label>
      <value>427</value>
    </independent-variable>
    <independent-variable>
      <label>indep-variable-5</label>
      <value>75.45</value>
    </independent-variable>
    <independent-variable>
      <label>indep-variable-6</label>
      <value>0.002</value>
    </independent-variable>
    <independent-variable>
      <label>indep-variable-7</label>
      <value>26</value>
    </independent-variable>
    <independent-variable>
      <label>indep-variable-3</label>
      <value>0.832</value>
    </independent-variable>
  </observation>

  <observation>
    <dependent-variable>dep-variable-5</dependent-variable>
    <independent-variable>
      <label>indep-variable-1</label>
      <value>19.99</value>
    </independent-variable>
    <independent-variable>
      <label>indep-variable-2</label>
      <value>97.78</value>
    </independent-variable>
    <independent-variable>
      <label>indep-variable-4</label>
      <value>303</value>
    </independent-variable>
    <independent-variable>
      <label>indep-variable-5</label>
      <value>58.88</value>
    </independent-variable>
    <independent-variable>
      <label>indep-variable-6</label>
      <value>0.001</value>
    </independent-variable>
    <independent-variable>
      <label>indep-variable-7</label>
      <value>29</value>
    </independent-variable>
    <independent-variable>
      <label>indep-variable-3</label>
      <value>0.638</value>
    </independent-variable>
  </observation>

  <observation>
    <dependent-variable>dep-variable-1</dependent-variable>
    <independent-variable>
      <label>indep-variable-1</label>
      <value>23.27</value>
    </independent-variable>
    <independent-variable>
      <label>indep-variable-2</label>
      <value>95.03</value>
    </independent-variable>
    <independent-variable>
      <label>indep-variable-4</label>
      <value>295</value>
    </independent-variable>
    <independent-variable>
      <label>indep-variable-5</label>
      <value>55.83</value>
    </independent-variable>
    <independent-variable>
      <label>indep-variable-6</label>
      <value>0.001</value>
    </independent-variable>
    <independent-variable>
      <label>indep-variable-7</label>
      <value>27</value>
    </independent-variable>
    <independent-variable>
      <label>indep-variable-3</label>
      <value>0.488</value>
    </independent-variable>
  </observation>

  <observation>
    <dependent-variable>dep-variable-1</dependent-variable>
    <independent-variable>
      <label>indep-variable-1</label>
      <value>20.71</value>
    </independent-variable>
    <independent-variable>
      <label>indep-variable-2</label>
      <value>99.33</value>
    </independent-variable>
    <independent-variable>
      <label>indep-variable-4</label>
      <value>342</value>
    </independent-variable>
    <independent-variable>
      <label>indep-variable-5</label>
      <value>75.67</value>
    </independent-variable>
    <independent-variable>
      <label>indep-variable-6</label>
      <value>0.001</value>
    </independent-variable>
    <independent-variable>
      <label>indep-variable-7</label>
      <value>30</value>
    </independent-variable>
    <independent-variable>
      <label>indep-variable-3</label>
      <value>0.648</value>
    </independent-variable>
  </observation>
</dataset>
